0,002100000631.jpg,0.29208624362945557
1,002100000480.jpg,0.10036644339561462
2,002100000731.jpg,0.23666268587112427
3,002100000212.jpg,0.37364083528518677
4,002100000602.jpg,0.11813807487487793
5,002100000574.jpg,0.19231864809989929
6,002100000628.jpg,0.25058978796005249
7,002100000769.jpg,0.18275946378707886
8,002100000233.jpg,0.23073486983776093
9,002100000615.jpg,0.36733010411262512
10,002100000767.jpg,0.38763108849525452
11,002100000774.jpg,0.27557149529457092
12,002100000630.jpg,0.2762521505355835
13,002100000707.jpg,0.3600495457649231
14,002100000730.jpg,0.31464880704879761
15,002100000701.jpg,0.39262476563453674
16,002100000489.jpg,0.43040299415588379
17,002100000011.jpg,0.32816240191459656
18,002100000722.jpg,0.28159743547439575
19,002100000760.jpg,0.36888977885246277
20,002100000386.jpg,0.33624619245529175
21,002100000755.jpg,0.42814862728118896
22,002100000596.jpg,0.25701570510864258
23,002100000780.jpg,0.4215666651725769
24,002100000072.jpg,0.36125189065933228
25,002100000713.jpg,0.26141801476478577
26,002100000035.jpg,0.36246126890182495
27,002100000122.jpg,0.40368324518203735
28,002100000309.jpg,0.36921203136444092
29,002100000332.jpg,0.38027986884117126
30,002100000331.jpg,0.37077963352203369
31,002100000290.jpg,0.37693288922309875
32,002100000754.jpg,0.42047592997550964
33,002100000590.jpg,0.30552336573600769
34,002100000492.jpg,0.34437543153762817
35,002100000773.jpg,0.37218171358108521
36,002100000779.jpg,0.49016907811164856
37,002100000800.jpg,0.27557149529457092
38,002100000570.jpg,0.49269285798072815
39,002100000850.jpg,0.37671339511871338
40,002100000328.jpg,0.3711070716381073
41,002100000742.jpg,0.32622331380844116
42,002100000588.jpg,0.38469213247299194
43,002100000041.jpg,0.49850401282310486
44,002100000694.jpg,0.36683613061904907
45,002100000706.jpg,0.35869789123535156
46,002100000756.jpg,0.46770039200782776
47,002100000638.jpg,0.36964747309684753
48,002100000764.jpg,0.3881588876247406
49,002100000039.jpg,0.43483546376228333
50,002100000626.jpg,0.40528613328933716
51,002100000124.jpg,0.34529668092727661
52,002100000655.jpg,0.41055694222450256
53,002100000632.jpg,0.42187479138374329
54,002100000656.jpg,0.35780429840087891
55,002100000725.jpg,0.3842960000038147
56,002100000733.jpg,0.51500618457794189
57,002100000728.jpg,0.30747154355049133
58,002100000352.jpg,0.37856179475784302
59,002100000322.jpg,0.45333001017570496
60,002100000841.jpg,0.33344709873199463
61,002100000171.jpg,0.42756819725036621
62,002100000051.jpg,0.38368582725524902
63,002100000164.jpg,0.4040343165397644
64,002100000563.jpg,0.45736923813819885
65,002100000548.jpg,0.41223868727684021
66,002100000789.jpg,0.42128077149391174
67,002100000622.jpg,0.37726482748985291
68,002100000409.jpg,0.40595021843910217
69,002100000207.jpg,0.3822806179523468
70,002100000649.jpg,0.38095986843109131
71,002100000202.jpg,0.46388423442840576
72,002100000686.jpg,0.44967862963676453
73,002100000070.jpg,0.43791684508323669
74,002100000327.jpg,0.392375648021698
75,002100000589.jpg,0.37944680452346802
76,002100000738.jpg,0.44940289855003357
77,002100000839.jpg,0.39897003769874573
78,002100000334.jpg,0.36396723985671997
79,002100000256.jpg,0.43793705105781555
80,002100000744.jpg,0.43922600150108337
81,002100000565.jpg,0.39951121807098389
82,002100000714.jpg,0.44598647952079773
83,002100000231.jpg,0.46682751178741455
84,002100000784.jpg,0.42384722828865051
85,002100000696.jpg,0.43891435861587524
86,002100000621.jpg,0.44328296184539795
87,002100000620.jpg,0.38444560766220093
88,002100000619.jpg,0.48632386326789856
89,002100000600.jpg,0.44593474268913269
90,002100000849.jpg,0.4582425057888031
91,002100000718.jpg,0.39989975094795227
92,002100000101.jpg,0.47022807598114014
93,002100000573.jpg,0.46120232343673706
94,002100000543.jpg,0.40462923049926758
95,002100000651.jpg,0.41965878009796143
96,002100000715.jpg,0.48839330673217773
97,002100000439.jpg,0.46484178304672241
98,002100000283.jpg,0.42259606719017029
99,002100000533.jpg,0.45003125071525574
100,002100000634.jpg,0.33571416139602661
101,002100000607.jpg,0.35680672526359558
102,002100000532.jpg,0.42093691229820251
103,002100000500.jpg,0.43016967177391052
104,002100000026.jpg,0.51450341939926147
105,002100000317.jpg,0.44380399584770203
106,002100000214.jpg,0.46634751558303833
107,002100000664.jpg,0.44280290603637695
108,002100000752.jpg,0.52341258525848389
109,002100000081.jpg,0.48741111159324646
110,002100000685.jpg,0.48203054070472717
111,002100000677.jpg,0.50091248750686646
112,002100000723.jpg,0.45709627866744995
113,002100000336.jpg,0.48788398504257202
114,002100000608.jpg,0.44445264339447021
115,002100000094.jpg,0.43882507085800171
116,002100000222.jpg,0.49897468090057373
117,002100000437.jpg,0.44491001963615417
118,002100000652.jpg,0.406831294298172
119,002100000264.jpg,0.44080495834350586
120,002100000644.jpg,0.45726349949836731
121,002100000008.jpg,0.45902541279792786
122,002100000493.jpg,0.49918851256370544
123,002100000690.jpg,0.39504760503768921
124,002100000663.jpg,0.47776734828948975
125,002100000213.jpg,0.40901345014572144
126,002100000580.jpg,0.44428375363349915
127,002100000316.jpg,0.39112100005149841
128,002100000477.jpg,0.49510160088539124
129,002100000224.jpg,0.51715707778930664
130,002100000571.jpg,0.50152838230133057
131,002100000698.jpg,0.4752364456653595
132,002100000367.jpg,0.42291072010993958
133,002100000048.jpg,0.603934645652771
134,002100000380.jpg,0.50903081893920898
135,002100000560.jpg,0.49185419082641602
136,002100000772.jpg,0.39300835132598877
137,002100000639.jpg,0.49740642309188843
138,002100000735.jpg,0.45951956510543823
139,002100000289.jpg,0.51416015625
140,002100000359.jpg,0.53382211923599243
141,002100000002.jpg,0.42614248394966125
142,002100000404.jpg,0.50593388080596924
143,002100000275.jpg,0.58007830381393433
144,002100000759.jpg,0.41949218511581421
145,002100000111.jpg,0.41684445738792419
146,002100000206.jpg,0.46985819935798645
147,002100000629.jpg,0.52683913707733154
148,002100000379.jpg,0.51119822263717651
149,002100000452.jpg,0.51858603954315186
150,002100000221.jpg,0.40499743819236755
151,002100000617.jpg,0.45080792903900146
152,002100000371.jpg,0.47640642523765564
153,002100000087.jpg,0.49234214425086975
154,002100000096.jpg,0.49770030379295349
155,002100000043.jpg,0.48708516359329224
156,002100000515.jpg,0.55669867992401123
157,002100000561.jpg,0.48559153079986572
158,002100000547.jpg,0.40959253907203674
159,002100000637.jpg,0.50915062427520752
160,002100000575.jpg,0.45823439955711365
161,002100000586.jpg,0.43417498469352722
162,002100000237.jpg,0.44604861736297607
163,002100000414.jpg,0.39394539594650269
164,002100000732.jpg,0.46514415740966797
165,002100000672.jpg,0.422284334897995
166,002100000778.jpg,0.45423546433448792
167,002100000591.jpg,0.65104502439498901
168,002100000705.jpg,0.45189452171325684
169,002100000326.jpg,0.54165303707122803
170,002100000581.jpg,0.4408440887928009
171,002100000863.jpg,0.41995915770530701
172,002100000558.jpg,0.55656147003173828
173,002100000687.jpg,0.39493614435195923
174,002100000578.jpg,0.40832170844078064
175,002100000775.jpg,0.46793258190155029
176,002100000653.jpg,0.44907820224761963
177,002100000684.jpg,0.49626794457435608
178,002100000394.jpg,0.56708621978759766
179,002100000648.jpg,0.42389297485351563
180,002100000288.jpg,0.49492114782333374
181,002100000188.jpg,0.472370445728302
182,002100000786.jpg,0.4536588191986084
183,002100000487.jpg,0.50031280517578125
184,002100000470.jpg,0.4830060601234436
185,002100000511.jpg,0.65749496221542358
186,002100000624.jpg,0.47148162126541138
187,002100000228.jpg,0.54495328664779663
188,002100000018.jpg,0.49354857206344604
189,002100000210.jpg,0.51133465766906738
190,002100000787.jpg,0.50091427564620972
191,002100000748.jpg,0.46688130497932434
192,002100000353.jpg,0.52865147590637207
193,002100000010.jpg,0.51915442943572998
194,002100000797.jpg,0.43785282969474792
195,002100000432.jpg,0.48771920800209045
196,002100000508.jpg,0.47009396553039551
197,002100000362.jpg,0.51181846857070923
198,002100000167.jpg,0.4963524341583252
199,002100000180.jpg,0.65504747629165649
200,002100000417.jpg,0.57962441444396973
201,002100000727.jpg,0.60849195718765259
202,002100000244.jpg,0.53429198265075684
203,002100000635.jpg,0.52789103984832764
204,002100000421.jpg,0.51992809772491455
205,002100000047.jpg,0.39584118127822876
206,002100000054.jpg,0.47104281187057495
207,002100000692.jpg,0.41259825229644775
208,002100000381.jpg,0.53805774450302124
209,002100000766.jpg,0.35500764846801758
210,002100000666.jpg,0.49248653650283813
211,002100000023.jpg,0.6089709997177124
212,002100000544.jpg,0.46097880601882935
213,002100000576.jpg,0.52314764261245728
214,002100000069.jpg,0.48525029420852661
215,002100000545.jpg,0.49056974053382874
216,002100000385.jpg,0.53817456960678101
217,002100000118.jpg,0.57170307636260986
218,002100000281.jpg,0.509235680103302
219,002100000481.jpg,0.46872568130493164
220,002100000751.jpg,0.4062957763671875
221,002100000406.jpg,0.50066477060317993
222,002100000595.jpg,0.41995790600776672
223,002100000435.jpg,0.54573935270309448
224,002100000688.jpg,0.49567693471908569
225,002100000215.jpg,0.58135628700256348
226,002100000618.jpg,0.49953177571296692
227,002100000338.jpg,0.49279278516769409
228,002100000393.jpg,0.53299391269683838
229,002100000693.jpg,0.48344141244888306
230,002100000603.jpg,0.47253304719924927
231,002100000482.jpg,0.48314410448074341
232,002100000770.jpg,0.44675055146217346
233,002100000594.jpg,0.52330958843231201
234,002100000654.jpg,0.4188883900642395
235,002100000174.jpg,0.49317276477813721
236,002100000743.jpg,0.55013781785964966
237,002100000609.jpg,0.56873714923858643
238,002100000541.jpg,0.513172447681427
239,002100000413.jpg,0.50826472043991089
240,002100000431.jpg,0.52491253614425659
241,002100000597.jpg,0.58431112766265869
242,002100000422.jpg,0.52978366613388062
243,002100000518.jpg,0.55441606044769287
244,002100000229.jpg,0.55566370487213135
245,002100000261.jpg,0.45979893207550049
246,002100000247.jpg,0.60818004608154297
247,002100000599.jpg,0.5611642599105835
248,002100000842.jpg,0.48031908273696899
249,002100000796.jpg,0.53218370676040649
250,002100000811.jpg,0.53633725643157959
251,002100000029.jpg,0.57914078235626221
252,002100000854.jpg,0.54541820287704468
253,002100000491.jpg,0.51082849502563477
254,002100000341.jpg,0.57759237289428711
255,002100000776.jpg,0.4473293125629425
256,002100000340.jpg,0.50566625595092773
257,002100000133.jpg,0.48732569813728333
258,002100000145.jpg,0.48886352777481079
259,002100000788.jpg,0.48237511515617371
260,002100000073.jpg,0.57631951570510864
261,002100000192.jpg,0.47514995932579041
262,002100000494.jpg,0.56567436456680298
263,002100000564.jpg,0.53936183452606201
264,002100000495.jpg,0.40383744239807129
265,002100000119.jpg,0.51038259267807007
266,002100000577.jpg,0.6094016432762146
267,002100000817.jpg,0.52171182632446289
268,002100000567.jpg,0.6028742790222168
269,002100000227.jpg,0.51664191484451294
270,44182300001310000036_ (4).jpg,0.53358453512191772
271,002100000320.jpg,0.54106307029724121
272,002100000613.jpg,0.54129183292388916
273,002100000669.jpg,0.51184016466140747
274,002100000302.jpg,0.64584982395172119
275,002100000357.jpg,0.56941235065460205
276,002100000052.jpg,0.6403236985206604
277,002100000523.jpg,0.52939695119857788
278,002100000412.jpg,0.50801444053649902
279,002100000286.jpg,0.55355334281921387
280,002100000014.jpg,0.57449829578399658
281,002100000306.jpg,0.61025798320770264
282,002100000671.jpg,0.53043156862258911
283,002100000661.jpg,0.50604480504989624
284,002100000337.jpg,0.50374871492385864
285,002100000782.jpg,0.47882100939750671
286,002100000812.jpg,0.57737869024276733
287,002100000329.jpg,0.63587188720703125
288,002100000184.jpg,0.58603578805923462
289,002100000235.jpg,0.60062849521636963
290,002100000526.jpg,0.53899365663528442
291,002100000746.jpg,0.55633044242858887
292,002100000373.jpg,0.56280982494354248
293,002100000292.jpg,0.61314129829406738
294,44060652001310000023_.jpg,0.5679318904876709
295,002100000818.jpg,0.58954870700836182
296,002100000447.jpg,0.6065593957901001
297,002100000816.jpg,0.48932591080665588
298,002100000711.jpg,0.64295899868011475
299,002100000348.jpg,0.6295851469039917
300,002100000662.jpg,0.59179222583770752
301,002100000633.jpg,0.53725486993789673
302,002100000339.jpg,0.61625558137893677
303,002100000513.jpg,0.60201066732406616
304,002100000301.jpg,0.49396109580993652
305,002100000085.jpg,0.57923305034637451
306,002100000695.jpg,0.55563527345657349
307,002100000814.jpg,0.63423067331314087
308,002100000441.jpg,0.60198444128036499
309,002100000356.jpg,0.5430908203125
310,002100000801.jpg,0.62578707933425903
311,002100000405.jpg,0.61993801593780518
312,002100000726.jpg,0.59511226415634155
313,002100000115.jpg,0.58169782161712646
314,002100000284.jpg,0.58276963233947754
315,002100000537.jpg,0.64675366878509521
316,002100000858.jpg,0.56024962663650513
317,002100000310.jpg,0.52933496236801147
318,002100000614.jpg,0.52979093790054321
319,002100000017.jpg,0.58845341205596924
320,002100000761.jpg,0.47859287261962891
321,44040213001310322038 (2).jpg,0.63293564319610596
322,002100000451.jpg,0.54308569431304932
323,002100000709.jpg,0.6234591007232666
324,002100000114.jpg,0.61756855249404907
325,002100000449.jpg,0.73378682136535645
326,002100000116.jpg,0.50497317314147949
327,002100000084.jpg,0.57048046588897705
328,44010348001310010012_.jpg,0.59626346826553345
329,002100000325.jpg,0.63537627458572388
330,002100000504.jpg,0.51297754049301147
331,002100000211.jpg,0.64817386865615845
332,002100000587.jpg,0.62840855121612549
333,002100000433.jpg,0.59275555610656738
334,002100000640.jpg,0.55951851606369019
335,002100000139.jpg,0.66383481025695801
336,002100000683.jpg,0.630218505859375
337,002100000734.jpg,0.47399020195007324
338,002100000426.jpg,0.51496779918670654
339,002100000300.jpg,0.46732914447784424
340,hb-44060551011320103582.jpg,0.48274126648902893
341,002100000280.jpg,0.66441160440444946
342,002100000485.jpg,0.46531301736831665
343,002100000335.jpg,0.58436393737792969
344,002100000241.jpg,0.64649629592895508
345,002100000819.jpg,0.59065783023834229
346,002100000128.jpg,0.63583117723464966
347,002100000246.jpg,0.64186334609985352
348,002100000082.jpg,0.64285540580749512
349,002100000232.jpg,0.60908937454223633
350,002100000462.jpg,0.6492164134979248
351,002100000552.jpg,0.55620157718658447
352,002100000383.jpg,0.59871387481689453
353,hb-44040405001310772901.jpg,0.62564563751220703
354,002100000623.jpg,0.59640705585479736
355,002100000324.jpg,0.60770702362060547
356,002100000466.jpg,0.61733549833297729
357,002100000678.jpg,0.59300065040588379
358,002100000448.jpg,0.55778348445892334
359,002100000062.jpg,0.53940784931182861
360,002100000223.jpg,0.58907037973403931
361,002100000395.jpg,0.48895013332366943
362,002100000505.jpg,0.52488905191421509
363,002100000013.jpg,0.71768665313720703
364,002100000168.jpg,0.5298151969909668
365,002100000160.jpg,0.60296213626861572
366,44040222001310912019 (3).jpg,0.64659595489501953
367,002100000183.jpg,0.55069476366043091
368,002100000524.jpg,0.61841219663619995
369,002100000453.jpg,0.48577240109443665
370,002100000582.jpg,0.62794208526611328
371,002100000641.jpg,0.64341795444488525
372,002100000137.jpg,0.66306352615356445
373,002100000217.jpg,0.59990566968917847
374,002100000719.jpg,0.63567531108856201
375,002100000225.jpg,0.67176693677902222
376,002100000461.jpg,0.60746681690216064
377,002100000208.jpg,0.67927563190460205
378,002100000007.jpg,0.61193466186523438
379,002100000095.jpg,0.65275025367736816
380,002100000294.jpg,0.61463409662246704
381,002100000349.jpg,0.59735029935836792
382,002100000750.jpg,0.57565867900848389
383,002100000170.jpg,0.65543323755264282
384,002100000821.jpg,0.6543770432472229
385,002100000083.jpg,0.62676608562469482
386,002100000443.jpg,0.55327844619750977
387,002100000410.jpg,0.56557148694992065
388,002100000794.jpg,0.63713914155960083
389,002100000554.jpg,0.64443373680114746
390,002100000319.jpg,0.66691744327545166
391,002100000305.jpg,0.58545678853988647
392,002100000605.jpg,0.57387292385101318
393,002100000201.jpg,0.62062734365463257
394,002100000572.jpg,0.51747810840606689
395,002100000216.jpg,0.74510234594345093
396,002100000852.jpg,0.67571353912353516
397,002100000330.jpg,0.67216575145721436
398,002100000249.jpg,0.63875597715377808
399,002100000245.jpg,0.7042352557182312
400,002100000657.jpg,0.59301644563674927
401,44040211001310372034.jpg,0.59291905164718628
402,002100000535.jpg,0.61736941337585449
403,002100000276.jpg,0.62987327575683594
404,002100000191.jpg,0.57123279571533203
405,002100000132.jpg,0.60540437698364258
406,002100000205.jpg,0.72342312335968018
407,002100000078.jpg,0.66666120290756226
408,002100000226.jpg,0.58141255378723145
409,002100000185.jpg,0.62682700157165527
410,002100000148.jpg,0.64749109745025635
411,002100000645.jpg,0.67526113986968994
412,002100000827.jpg,0.63866633176803589
413,002100000343.jpg,0.59867680072784424
414,002100000169.jpg,0.54570609331130981
415,002100000402.jpg,0.62089741230010986
416,002100000025.jpg,0.69301104545593262
417,002100000003.jpg,0.61560153961181641
418,002100000001.jpg,0.51046150922775269
419,002100000516.jpg,0.69913208484649658
420,002100000396.jpg,0.6163865327835083
421,002100000805.jpg,0.58274257183074951
422,002100000837.jpg,0.68788659572601318
423,002100000034.jpg,0.63996446132659912
424,002100000260.jpg,0.62832087278366089
425,002100000230.jpg,0.69019705057144165
426,002100000304.jpg,0.72817432880401611
427,002100000166.jpg,0.73808413743972778
428,44050100001310001956_.jpg,0.70464181900024414
429,44060557011320212786 (2).jpg,0.64506018161773682
430,002100000157.jpg,0.70162832736968994
431,002100000536.jpg,0.64028066396713257
432,002100000220.jpg,0.63315874338150024
433,44060560011320102837_.jpg,0.58238780498504639
434,002100000471.jpg,0.59242528676986694
435,002100000016.jpg,0.64217942953109741
436,002100000363.jpg,0.61089831590652466
437,002100000273.jpg,0.68428683280944824
438,002100000090.jpg,0.68398725986480713
439,002100000368.jpg,0.61425864696502686
440,002100000028.jpg,0.70053958892822266
441,002100000517.jpg,0.64153611660003662
442,002100000604.jpg,0.62853997945785522
443,002100000277.jpg,0.65075933933258057
444,002100000529.jpg,0.71862757205963135
445,002100000147.jpg,0.66485172510147095
446,002100000203.jpg,0.74462282657623291
447,002100000497.jpg,0.61270624399185181
448,002100000478.jpg,0.67779183387756348
449,44040407001310612062_.jpg,0.6524728536605835
450,002100000089.jpg,0.63968944549560547
451,002100000542.jpg,0.68043756484985352
452,002100000186.jpg,0.80010998249053955
453,002100000472.jpg,0.67344057559967041
454,002100000400.jpg,0.71037584543228149
455,002100000392.jpg,0.67400240898132324
456,002100000323.jpg,0.70979154109954834
457,hb-44040306001310882347.jpg,0.70469045639038086
458,002100000153.jpg,0.71309995651245117
459,002100000376.jpg,0.67470097541809082
460,002100000857.jpg,0.73379921913146973
461,002100000315.jpg,0.57133722305297852
462,002100000271.jpg,0.80178236961364746
463,002100000060.jpg,0.57799768447875977
464,002100000366.jpg,0.80696654319763184
465,002100000299.jpg,0.5850490927696228
466,002100000144.jpg,0.80299025774002075
467,002100000107.jpg,0.68419480323791504
468,hb-44011385001310100148_.jpg,0.7288670539855957
469,002100000159.jpg,0.78022235631942749
470,002100000113.jpg,0.67269003391265869
471,002100000514.jpg,0.70917224884033203
472,002100000200.jpg,0.59338724613189697
473,44050100001310002148_ (2).jpg,0.62309712171554565
474,002100000674.jpg,0.60410934686660767
475,002100000056.jpg,0.62501764297485352
476,002100000044.jpg,0.68399786949157715
477,002100000198.jpg,0.68920016288757324
478,002100000423.jpg,0.62431490421295166
479,002100000804.jpg,0.66915035247802734
480,002100000194.jpg,0.70421695709228516
481,002100000102.jpg,0.78638327121734619
482,002100000255.jpg,0.79125535488128662
483,002100000103.jpg,0.81157195568084717
484,002100000158.jpg,0.86080729961395264
485,002100000067.jpg,0.82702618837356567
486,002100000454.jpg,0.67625343799591064
487,002100000287.jpg,0.72312390804290771
488,002100000040.jpg,0.82107090950012207
489,002100000509.jpg,0.7104727029800415
490,002100000430.jpg,0.76615017652511597
491,002100000521.jpg,0.75024318695068359
492,002100000236.jpg,0.76099646091461182
493,002100000550.jpg,0.75834041833877563
494,002100000266.jpg,0.8268057107925415
495,002100000488.jpg,0.86065590381622314
496,44060559011321416854.jpg,0.68107938766479492
497,002100000445.jpg,0.68035554885864258
498,002100000444.jpg,0.69975483417510986
499,002100000806.jpg,0.74818360805511475
500,002100000156.jpg,0.84472846984863281
501,002100000551.jpg,0.72438395023345947
502,002100000238.jpg,0.91737723350524902
503,002100000263.jpg,0.83082014322280884
504,002100000389.jpg,0.8045356273651123
505,002100000015.jpg,0.82914054393768311
506,002100000643.jpg,0.74714028835296631
507,002100000307.jpg,0.75274699926376343
